{"components/carousel":"<section class=\"heroCarousel\"\n    data-slick='{\n        \"dots\": true,\n        \"mobileFirst\": true,\n        \"slidesToShow\": 1,\n        \"slidesToScroll\": 1,\n        \"autoplay\": true,\n        \"autoplaySpeed\": {{carousel.swap_frequency}}\n    }'>\n    {{!each carousel.slides}}\n    <!-- <div class=\"heroCarousel-slide {{#if ../theme_settings.homepage_stretch_carousel_images}}heroCarousel-slide--stretch{{/if}}\"\n        style=\"background-image: url({{image}})\">\n        <a href=\"{{url}}\">\n            <img class=\"heroCarousel-image\" src=\"{{image}}\" alt=\"{{alt_text}}\" title=\"{{alt_text}}\"/>\n            {{#if heading}}\n                {{> components/carousel-content show_background=true}}\n            {{else}}\n                {{#if text}}\n                    {{> components/carousel-content show_background=true}}\n                {{else}}\n                    {{#if button_text}}\n                        {{> components/carousel-content show_background=false}}\n                    {{/if}}\n                {{/if}}\n            {{/if}}\n        </a>\n    </div> -->\n    {{!each}}\n    \n    <div class=\"heroCarousel-slide {{#if ../theme_settings.homepage_stretch_carousel_images}}heroCarousel-slide--stretch{{/if}}\"\n        style=\"background-image: url('https://cdn6.bigcommerce.com/s-e3egl/product_images/uploaded_images/slide-01a.jpg?t=1503253663')\">\n        <a href=\"http://khboffice.com/intuit-quickbooks-online-all-versions/\">\n            <img class=\"heroCarousel-image\" src=\"https://cdn6.bigcommerce.com/s-e3egl/product_images/uploaded_images/slide-01a.jpg?t=1503253663\" />\n            <div class=\"caption-wrap hidden-xs\">\n\t\t\t    <div class=\"caption-content animated fadeInRight\">\n\t\t\t        <h2 class=\"tagline\">\n\t\t\t            <b>Grow Together.</b>\n\t\t\t            <br>Scale Gracefully.\n\t\t\t        </h2>\n\t\t\t        <h3 class=\"subline\">Make your QuickBooks better with <br>our Certified ProAdvisors</h3>\n\t\t\t        <div class=\"buttonWarp\">\n\t\t\t            <span class=\"btn btn-green btn-lg\">Sign up for your QuickBooks Online</span>\n\t\t\t        </div>\n\t\t\t    </div>\n\t\t\t</div>\n        </a>\n    </div>\n</section>\n","components/carousel-content":"<!-- <div class=\"heroCarousel-content{{#unless show_background}} heroCarousel-content--empty{{/unless}}\">\n    <h1 class=\"heroCarousel-title\">{{{heading}}}</h1>\n    <p class=\"heroCarousel-description\">{{{text}}}</p>\n    {{#if button_text}}\n        <span class=\"heroCarousel-action button button--primary button--large\">{{button_text}}</span>\n    {{/if}}\n</div> -->\n\n\n<div class=\"caption-wrap hidden-xs\">\n    <div class=\"caption-content animated fadeInRight\">\n        <h2 class=\"tagline\">\n            <b>{{{heading}}}</b>\n            <br>Scale Gracefully.\n        </h2>\n        <h3 class=\"subline\">{{{text}}}</h3>\n        {{#if button_text}}\n        <div class=\"buttonWarp\">\n            <span class=\"btn btn-green btn-lg\">{{button_text}}</span>\n        </div>\n        {{/if}}\n    </div>\n</div>"}